{
  "parent": "minecraft:item/handheld_rod",
  "textures": 
  {
    "layer0": "minecraft:item/warped_fungus_on_a_stick"
  },
	"overrides": [
    {"predicate": {"custom_model_data":100000}, "model": "item/reservoirs/empty/reservoir_0"},
    {"predicate": {"custom_model_data":100001}, "model": "item/reservoirs/empty/reservoir_1"},
    {"predicate": {"custom_model_data":100002}, "model": "item/reservoirs/empty/reservoir_2"},
    {"predicate": {"custom_model_data":100003}, "model": "item/reservoirs/empty/reservoir_3"},
    {"predicate": {"custom_model_data":100004}, "model": "item/reservoirs/empty/reservoir_4"},
    {"predicate": {"custom_model_data":100005}, "model": "item/reservoirs/empty/reservoir_5"},
    {"predicate": {"custom_model_data":100006}, "model": "item/dislocators/dislocator"},
    {"predicate": {"custom_model_data":100007}, "model": "item/dislocators/advanced_dislocator"},
    {"predicate": {"custom_model_data":100008}, "model": "item/soulorbs/soul_orb_empty"},
    {"predicate": {"custom_model_data":100009}, "model": "item/soulorbs/soul_orb_captured"},
    {"predicate": {"custom_model_data":100010}, "model": "item/mininglaser/mining_laser"},
    {"predicate": {"custom_model_data":100011}, "model": "item/reservoirs/fill/reservoir_0"},
    {"predicate": {"custom_model_data":100012}, "model": "item/reservoirs/fill/reservoir_1"},
    {"predicate": {"custom_model_data":100013}, "model": "item/reservoirs/fill/reservoir_2"},
    {"predicate": {"custom_model_data":100014}, "model": "item/reservoirs/fill/reservoir_3"},
    {"predicate": {"custom_model_data":100015}, "model": "item/reservoirs/fill/reservoir_4"},
    {"predicate": {"custom_model_data":100016}, "model": "item/reservoirs/fill/reservoir_5"}
	]
}